u_eigen,i_eigen,b_eigen,ndcg,recall,precision
10,300,50,0.426083415348671,0.24181459080488585,0.3456427015250545
10,300,75,0.417912142971194,0.23461364480926222,0.34074074074074073
10,300,100,0.41233021772903244,0.230637326713212,0.3339869281045752
10,300,125,0.39924026754085956,0.22148530642516365,0.325599128540305
35,300,50,0.39331326662612615,0.2166826278655,0.31546840958605665
35,300,75,0.3894188998743091,0.21412486247737333,0.3144880174291939
10,300,150,0.3868395589262448,0.21313925336425704,0.31361655773420477
35,300,100,0.3833660307987708,0.20620162810332024,0.3084967320261438
10,300,175,0.37694313892644044,0.20803544740505986,0.30577342047930284
35,300,125,0.3711312009810385,0.19874503914350033,0.2989106753812636
60,300,50,0.3706366531963923,0.20392657179945511,0.2995642701525055
60,300,75,0.3689508861545833,0.20268567794270928,0.29814814814814816
10,300,200,0.36540439486930176,0.19896596649154052,0.29760348583877994
135,300,50,0.36356665594556276,0.19611597804069908,0.2953159041394336
60,300,100,0.3618496985869886,0.1975026512495705,0.2935729847494553
35,300,150,0.3572370193991608,0.1892548742034719,0.2872549019607843
135,300,75,0.35673390102374597,0.18980202045068098,0.29052287581699343
85,300,50,0.35641546179795364,0.1907200973305352,0.2889978213507625
10,300,400,0.3561008726139755,0.1903344583565372,0.29477124183006537
110,300,50,0.35399664414351584,0.18646056597451274,0.2851851851851852
85,300,75,0.35269895658172995,0.18804445916189994,0.28649237472766886
110,300,75,0.3489028483252819,0.18379626667978932,0.2815904139433551
10,300,225,0.3485789398381218,0.1865565653964991,0.2852941176470588
135,300,100,0.34670088101734636,0.18323271204241262,0.28039215686274505
35,300,175,0.34661775895872887,0.18452116741523714,0.2791938997821351
60,300,125,0.343746959057824,0.18403067705162915,0.27690631808278865
85,300,100,0.3427438158624337,0.18084608415602474,0.2796296296296296
110,300,100,0.3385498620243541,0.17572850508009205,0.27429193899782134
35,300,200,0.3372728374445448,0.17901336407542653,0.2729847494553377
135,300,125,0.3366767954648564,0.17490577423962136,0.2721132897603486
10,300,250,0.3363717249309505,0.18071365853807778,0.2762527233115468
60,300,150,0.3330714756615421,0.17656640101955293,0.26851851851851855
85,300,125,0.3324620336762135,0.1730079410203509,0.2701525054466231
35,300,400,0.33049329688871903,0.17038006192277538,0.2690631808278867
135,300,150,0.329190300235585,0.1712029189563023,0.26633986928104575
110,300,125,0.3285733096813434,0.16963693470015384,0.2656862745098039
60,300,175,0.32709128202171356,0.17191374310012655,0.2642701525054466
35,300,225,0.32386412081521904,0.1699330443236922,0.2635076252723312
85,300,150,0.3226139202169234,0.16672576021479224,0.2613289760348584
10,300,275,0.32237736777359527,0.17084029150604788,0.2644880174291939
135,300,175,0.32229393081613394,0.16428237785891897,0.2605664488017429
110,300,150,0.3196136144029598,0.1639779444079935,0.25784313725490193
60,300,200,0.31892338729203185,0.16875718614801755,0.25915032679738564
85,300,175,0.3178821877749155,0.16695215859274984,0.25838779956427016
60,300,400,0.3173466851114714,0.1640654731398431,0.2594771241830065
135,300,200,0.31584094639577753,0.16153582569977898,0.2559912854030501
110,300,175,0.31556608939138436,0.1623467513223595,0.2545751633986928
35,300,250,0.3140170475084733,0.16541806191383207,0.2552287581699347
135,300,400,0.31185900811244666,0.15868466311669968,0.25577342047930285
10,300,300,0.31169995554821656,0.1650282975174764,0.2549019607843137
110,300,200,0.31016687750385386,0.15876401780606433,0.25010893246187366
60,300,225,0.30873069491332505,0.16174263906718353,0.2529411764705882
85,300,200,0.30859114670736243,0.16065762235653008,0.25163398692810457
85,300,400,0.307318914608881,0.15765696133746424,0.2530501089324619
10,300,325,0.3063252769761135,0.1620700062938487,0.25098039215686274
10,300,375,0.30587240741675975,0.16274970365105937,0.2522875816993464
135,300,225,0.3058635200193877,0.1565785292176874,0.2491285403050109
110,300,400,0.30547328915101907,0.15469750840401078,0.25010893246187366
10,300,350,0.3050703575370338,0.16049653951543874,0.2503267973856209
35,300,275,0.2999520737180848,0.15570607274970236,0.24389978213507627
135,300,250,0.2980206868923561,0.15200458885228132,0.2445533769063181
60,300,250,0.29778142849296796,0.15414257034544487,0.24357298474945532
85,300,225,0.29758776398387843,0.155551664817133,0.24498910675381264
110,300,225,0.2975373942505875,0.15373748682966745,0.24270152505446624
35,300,300,0.29240468794618857,0.15078857733671544,0.23714596949891067
110,300,250,0.29103221759298187,0.14785840672449396,0.23736383442265796
135,300,275,0.29052340172617397,0.14593328361209706,0.23736383442265796
85,300,250,0.28969619722474654,0.1493002412640115,0.2380174291938998
35,300,375,0.28820878499356767,0.14747764136318398,0.23562091503267976
35,300,325,0.28786817231724676,0.14817168674336437,0.23540305010893245
35,300,350,0.28642427058777253,0.14512450398305723,0.23420479302832245
60,300,275,0.286194043791635,0.14752400132931834,0.23485838779956428
110,300,275,0.2829464538380554,0.1423540973134988,0.23006535947712417
135,300,300,0.2815938102112181,0.140505866175471,0.22962962962962966
85,300,275,0.2805210960972276,0.14318946191151327,0.22962962962962966
135,300,325,0.2772005284808427,0.13693132426499596,0.22592592592592592
135,300,375,0.27659707855998467,0.13925731634099606,0.22668845315904138
60,300,300,0.2763578221885844,0.14319705220822038,0.2278867102396514
135,300,350,0.27492280144059406,0.1371227662056674,0.22472766884531592
60,300,375,0.2745847461815603,0.13866309627231088,0.225599128540305
110,300,300,0.27435233746654697,0.1376713413380709,0.22483660130718955
60,300,350,0.273305711358304,0.1376904107825351,0.22494553376906318
60,300,325,0.2715804031233835,0.13730272475544486,0.22342047930283224
85,300,300,0.27072153111216696,0.13624599487763683,0.22287581699346404
110,300,325,0.2697754691282732,0.1349550359803094,0.22058823529411764
110,300,350,0.26844903169059403,0.13495734543163743,0.2196078431372549
85,300,375,0.2681238375129365,0.13498440625020192,0.2208061002178649
110,300,375,0.26811834032434806,0.1350528830163463,0.21764705882352942
85,300,350,0.2665894717012913,0.1326829283049863,0.219281045751634
85,300,325,0.26526271997422285,0.13297205713334964,0.2187363834422658
135,50,400,0.1767481140712518,0.08734482464116788,0.14422657952069717
10,50,400,0.17421144691916507,0.08820117487626485,0.1425925925925926
135,75,400,0.1650072022508575,0.0812270472675572,0.13333333333333333
35,50,400,0.16331802310863713,0.08207542590004309,0.134640522875817
110,50,400,0.16289063947830515,0.0799248432680178,0.13355119825708062
60,50,400,0.15603009821041328,0.0768718430894861,0.13191721132897602
135,100,400,0.15465646663556898,0.07740120366551145,0.1233115468409586
85,50,400,0.15456929268064482,0.07560087317783232,0.129520697167756
10,75,400,0.15383857845022905,0.07978897456163082,0.1259259259259259
110,75,400,0.15193275189998615,0.07635188234462811,0.12483660130718954
135,50,75,0.1500796945267502,0.07729988284273888,0.11655773420479303
135,50,100,0.14924454103206355,0.0764470452418106,0.11666666666666665
35,75,400,0.14749747661462592,0.07063621847369579,0.11971677559912855
135,275,400,0.14736975118213055,0.07349879644179677,0.11579520697167756
135,50,50,0.14652209505242544,0.0770138310099619,0.11459694989106754
135,50,125,0.1438361019643279,0.07161885959307422,0.11285403050108932
85,75,400,0.14244604084717857,0.06526174667116644,0.11633986928104575
135,50,150,0.14223403125281778,0.07185238396755371,0.11318082788671024
60,75,400,0.14172035324672566,0.0666677991290397,0.11764705882352941
110,100,400,0.1412265014805631,0.07105006501450503,0.11470588235294117
135,125,400,0.14047304054830886,0.07090715576688712,0.11470588235294117
110,275,400,0.1380746791081203,0.06849241931653623,0.11013071895424836
135,50,175,0.13800266368461694,0.06960234973328984,0.10969498910675382
85,275,400,0.13377851667801355,0.06706355987201118,0.1065359477124183
85,100,400,0.1323855023597161,0.06206418685500631,0.10751633986928105
135,50,200,0.13212778487611565,0.06640378532885198,0.10686274509803921
135,150,400,0.13167816119949435,0.06486527740836505,0.10849673202614378
10,100,400,0.1311847238723278,0.06823047885378572,0.1056644880174292
35,100,400,0.13115775128150947,0.06424695892364672,0.10490196078431373
135,50,375,0.13060694272355272,0.06467551262853415,0.10675381263616558
35,275,400,0.12986692928855703,0.06631463787643929,0.10130718954248366
10,275,400,0.12986320095682513,0.07051346262159584,0.10403050108932461
135,75,100,0.1296873562419473,0.06659281348243523,0.09912854030501089
60,275,400,0.1291490572433908,0.06503715565877069,0.10196078431372549
60,100,400,0.1291417439392821,0.06143156883478882,0.10588235294117647
135,50,225,0.12854811301996563,0.06518813281650826,0.10555555555555556
135,250,400,0.12764957090160986,0.06320619900917597,0.10305010893246187
110,125,400,0.1275544497644576,0.06152284733962379,0.10479302832244008
135,75,150,0.1272682085601368,0.06464356796353307,0.1003267973856209
135,75,125,0.12641186915415864,0.06495930720298208,0.09912854030501089
135,75,75,0.1262112427652394,0.06547851087801197,0.09716775599128541
110,50,100,0.12612111610804538,0.06807117974777194,0.10108932461873638
110,50,125,0.1259787315826754,0.06648883222903021,0.10206971677559913
110,50,75,0.12579816684255604,0.06840984556983376,0.09891067538126361
135,50,350,0.12483818238231822,0.0609716979454915,0.10174291938997822
135,175,400,0.12434475893356611,0.06228178257051848,0.10326797385620914
110,50,150,0.1240406594793288,0.06477150634959841,0.10021786492374728
135,50,250,0.12403614060050881,0.06297539816996828,0.10152505446623095
135,225,400,0.12244287635238972,0.06017135355525896,0.09912854030501089
135,50,275,0.12186917442260797,0.060485763228881655,0.09967320261437909
110,50,50,0.12159802996964748,0.06684427893956271,0.09738562091503268
85,125,400,0.12149163487097214,0.057744877152565405,0.09989106753812636
135,50,300,0.12137262542070343,0.06142662759867574,0.1008714596949891
135,75,50,0.12112469127672723,0.06496183599148993,0.09531590413943355
135,50,325,0.12100947551644105,0.06041578755056597,0.10054466230936819
135,75,375,0.12095616856117697,0.05921874638711859,0.09727668845315904
135,75,175,0.1203823927091914,0.061315501875190886,0.094880174291939
110,50,175,0.12031970889785418,0.06188040815744937,0.09607843137254903
110,150,400,0.12019458313154002,0.058809230882738,0.09901960784313726
135,200,400,0.12012427028680221,0.058810899540884934,0.09716775599128541
110,250,400,0.11943303540577258,0.058508104657031434,0.09640522875816994
35,125,400,0.11902630155343011,0.05841824713206975,0.09705882352941175
60,125,400,0.11778628549681966,0.05648560399500272,0.09749455337690632
135,275,150,0.11649522251229452,0.059127852633915644,0.08997821350762526
110,50,375,0.11622045814622035,0.05637433049691431,0.09477124183006536
135,275,125,0.11612024223478554,0.05904586671113986,0.089760348583878
135,275,100,0.11608507036648477,0.059641627238885525,0.08888888888888888
110,50,200,0.11524953041631177,0.05973734532020396,0.09379084967320261
135,275,75,0.11461573777190773,0.0606540979863427,0.08823529411764706
10,125,400,0.1141428359594891,0.060426200977523443,0.09237472766884532
135,75,200,0.11410958314796331,0.05860401644847212,0.09041394335511982
10,50,75,0.11399932183538437,0.07085210270327469,0.09052287581699346
135,75,350,0.11384851990501361,0.05511761727529388,0.0920479302832244
110,225,400,0.11377653289504576,0.05582003047082191,0.09161220043572985
85,150,400,0.11368006868360706,0.05507965507966364,0.09411764705882354
110,50,350,0.1132600118948984,0.05268339660267041,0.09379084967320261
135,100,150,0.11298660020108287,0.05929957430855946,0.08997821350762526
85,50,150,0.11283892459416961,0.055407975342522266,0.0943355119825708
110,175,400,0.11267859874469821,0.05574099361931785,0.09248366013071896
135,275,175,0.1126320746818823,0.05675627554547171,0.0883442265795207
85,50,125,0.11248891353908849,0.05740659921722907,0.0943355119825708
135,100,125,0.11243514729483603,0.05962093669211425,0.08899782135076253
110,50,225,0.11205995487131502,0.05645105862037539,0.09259259259259259
85,50,100,0.11204329297641277,0.05839392410930705,0.09302832244008716
85,250,400,0.11188917577643843,0.0546442315554083,0.09008714596949892
135,275,375,0.11177260465188432,0.053165337909389786,0.08769063180827887
135,275,50,0.11160573598838643,0.05990926304367276,0.0855119825708061
110,200,400,0.11147244087281569,0.05360566927555372,0.08954248366013072
85,50,75,0.1111806630890494,0.058640248624896626,0.09128540305010893
135,75,225,0.11113454222587599,0.055479674493396344,0.08910675381263616
35,150,400,0.1104563847143178,0.05720992913942015,0.09237472766884532
135,100,100,0.11033807945090862,0.05924159730335956,0.0860566448801743
60,250,400,0.11007149761008732,0.05484580418927404,0.089760348583878
35,250,400,0.1096617737029517,0.05692788774069765,0.08823529411764706
135,75,325,0.10952039703337957,0.05079734395853304,0.09008714596949892
10,50,50,0.1092241646127623,0.0688240692550137,0.08518518518518518
85,175,400,0.10913920608063832,0.05396099097357675,0.09237472766884532
110,50,325,0.10886472877301283,0.05133583996123532,0.09074074074074073
135,100,375,0.10881515462005559,0.054415179728875225,0.08583877995642701
110,50,250,0.10879483464171519,0.053999010917296454,0.08997821350762526
35,50,75,0.10859924977765742,0.058049559506539145,0.08507625272331154
85,50,375,0.10855550356659774,0.0500695768202892,0.09008714596949892
135,275,200,0.1085255839266251,0.05391820138120489,0.0840958605664488
85,50,175,0.10852435210865763,0.05334800431104002,0.09030501089324619
135,100,175,0.10823946684865711,0.05657438502307613,0.08572984749455338
110,50,300,0.10818671657852082,0.052167621187987595,0.08943355119825708
35,50,100,0.10812014114811479,0.06012694086533576,0.08736383442265795
135,100,75,0.10792928200157556,0.05997780757926125,0.08496732026143791
60,150,400,0.10789532818783364,0.052327451967472745,0.0911764705882353
110,75,375,0.10773675751767507,0.05357997943746464,0.08867102396514162
10,50,100,0.10755194538298093,0.06359812202569429,0.0855119825708061
110,75,125,0.10748562212561551,0.05868476651956127,0.0869281045751634
110,75,150,0.10732038443440257,0.05694868498035075,0.08681917211328977
35,50,50,0.10730590480021152,0.05830712236168696,0.08671023965141611
110,275,150,0.10724729299788562,0.056057293792366215,0.08300653594771241
35,50,150,0.10719611173869321,0.0553418785393308,0.08877995642701525
135,75,300,0.1071786220883783,0.05305252128943252,0.08790849673202615
110,50,275,0.1071133297573535,0.049519093714527805,0.08736383442265795
135,75,250,0.10698353751291066,0.05386107145538491,0.08616557734204792
135,275,350,0.10697478678220297,0.05115767090424484,0.084640522875817
85,50,50,0.10689613305048935,0.05690105621001024,0.09030501089324619
135,75,275,0.10676249552942646,0.05290157643587244,0.08572984749455338
10,250,400,0.10657006508624689,0.05730974187528068,0.08594771241830065
85,225,400,0.1065190515339328,0.05177726668119199,0.08703703703703704
110,75,100,0.1061701682499433,0.05655791659244236,0.08344226579520697
110,275,125,0.10550538048764743,0.055159165949615785,0.08213507625272332
60,50,150,0.1053003933770096,0.051465797017770175,0.08965141612200435
35,50,125,0.10525052961046417,0.059245263381308304,0.08714596949891068
110,275,100,0.10513003754217957,0.05516364254921389,0.08246187363834423
110,275,175,0.10506692766955707,0.05466322813603609,0.08235294117647059
85,200,400,0.1050423010446181,0.051916714176937405,0.08660130718954248
85,50,350,0.10477765648675841,0.04638526253370012,0.08638344226579521
135,275,325,0.10473781494078022,0.0505965336637231,0.08246187363834423
135,100,350,0.1044787257094979,0.04998699750444127,0.08431372549019608
85,50,200,0.10435476238586569,0.049572093678466836,0.08801742919389978
135,275,225,0.10432905052599295,0.050710362517114714,0.08028322440087146
35,50,375,0.10406617603294875,0.049821633456319715,0.08638344226579521
60,50,375,0.10406328602368974,0.04898389182210554,0.08790849673202615
60,225,400,0.1040069983158996,0.05152395149168728,0.08507625272331154
60,175,400,0.10394123945844887,0.05192148590163245,0.08888888888888888
35,225,400,0.10359650324954874,0.053659549553543934,0.084640522875817
60,50,125,0.10358510126652698,0.05238288119544032,0.08769063180827887
110,75,175,0.10354110323738945,0.05373143899514355,0.08148148148148147
110,75,75,0.10335743016995837,0.05459542284383915,0.07995642701525055
110,275,375,0.10293293240950423,0.049174622235761585,0.08093681917211329
110,275,75,0.10281108024193031,0.05615043228187022,0.0798474945533769
85,50,325,0.1027671207462748,0.045621476502210136,0.0855119825708061
35,175,400,0.10244552070996553,0.05393120010012659,0.08736383442265795
10,150,400,0.10223572577727408,0.05355897515230788,0.0840958605664488
60,50,175,0.10218455177712522,0.04725074964224422,0.08453159041394336
135,100,200,0.10214734150575842,0.053274980459908396,0.08039215686274509
35,50,175,0.10199955649889766,0.052124095240152934,0.08300653594771241
10,50,125,0.10171915599869909,0.060698567548615016,0.08115468409586056
85,50,225,0.10171031481683111,0.047322907917900184,0.08529411764705883
135,275,275,0.1016802792008781,0.051090746923809764,0.08061002178649238
110,75,350,0.10155672606513973,0.047447126103365406,0.08278867102396514
135,275,300,0.10138422752801435,0.05017393253115804,0.07995642701525055
110,275,350,0.10128088406525095,0.04776446406449292,0.0798474945533769
10,50,375,0.10121890007284126,0.05047914497223174,0.08191721132897604
60,50,100,0.10120016166944869,0.0520864920825864,0.08638344226579521
35,200,400,0.10116945171783465,0.05272338855744955,0.0832244008714597
135,100,50,0.10115319784258152,0.0580291610839632,0.080718954248366
135,275,250,0.10088289656801405,0.051381192828036965,0.08006535947712418
85,50,300,0.10085917850563804,0.04641626343586382,0.0840958605664488
10,225,400,0.10081758077866818,0.05345456154825956,0.08333333333333333
10,50,150,0.10080488119097143,0.057942877257576575,0.08235294117647059
60,200,400,0.10077361738764204,0.05015530744825013,0.08224400871459694
60,50,350,0.1007278423332794,0.045540263936860975,0.084640522875817
110,275,200,0.10005526764747212,0.050755211689180325,0.07810457516339869
60,50,325,0.09989399109944674,0.04503623461806407,0.0855119825708061
60,50,75,0.09982252765276022,0.053330691812353496,0.08267973856209151
135,125,375,0.09975754447715114,0.049562604009434734,0.08224400871459694
135,100,325,0.09971610185139022,0.047390586421621896,0.080718954248366
110,275,50,0.09943157230072254,0.05440835882019486,0.07712418300653595
110,75,325,0.0992759851626039,0.04673339025806652,0.08289760348583877
35,50,350,0.09924431464727404,0.04661183908777053,0.08191721132897604
85,50,275,0.09915796337693412,0.045370701867370605,0.08169934640522876
110,275,325,0.09866410117268491,0.04668162227472684,0.07788671023965142
60,50,300,0.09853804453539279,0.043759045618735344,0.0837690631808279
60,50,50,0.0985257255363959,0.050759675370834395,0.08355119825708061
135,100,225,0.09851678980374733,0.0483962082342759,0.07810457516339869
85,275,125,0.09849102724294052,0.052088411864850484,0.07625272331154684
85,50,250,0.09841497714746476,0.045174816611437886,0.08202614379084967
85,275,375,0.09841258555799275,0.046420961701648264,0.0766884531590414
110,75,200,0.09806465154880524,0.04912896471245174,0.07995642701525055
85,275,150,0.09801175696489872,0.05049356853525252,0.07538126361655774
60,50,200,0.09796739388692204,0.04580049090812499,0.08300653594771241
85,75,375,0.09764995932054701,0.04508269060100093,0.08061002178649238
35,50,325,0.09754510283780954,0.047248643638883155,0.08202614379084967
10,175,400,0.09744147217177064,0.05233607480465666,0.08278867102396514
85,75,150,0.09728709126383764,0.04844837370600224,0.08235294117647059
110,100,375,0.09720867755514484,0.04702391094874285,0.07745098039215685
110,275,225,0.0971300757802442,0.04794352234662927,0.07581699346405228
35,50,275,0.09700224818434916,0.04783016881976739,0.08202614379084967
35,50,200,0.0967589502590402,0.051527474803665076,0.08137254901960785
110,275,275,0.09664579600793576,0.04829900357565546,0.07625272331154684
85,275,100,0.09656810020835961,0.05166294919073464,0.07549019607843137
110,100,150,0.09642139171981366,0.051172820647239804,0.07755991285403051
110,75,50,0.09630961502013853,0.05247515048942415,0.07734204793028322
135,100,275,0.09628815963820025,0.046160105150183345,0.07538126361655774
60,50,225,0.09625826919588124,0.04601972045987064,0.08224400871459694
35,50,300,0.09618834672530659,0.0454031541371629,0.080718954248366
10,200,400,0.09590273277148058,0.050732356828734435,0.07908496732026143
110,75,300,0.09576498703329893,0.04586052770427773,0.07973856209150328
135,125,150,0.09574557175986154,0.04874583048286814,0.07657952069716775
110,275,300,0.09572872176226316,0.046331345125721145,0.07450980392156864
135,125,125,0.09569008144261516,0.050131795811086136,0.07559912854030501
85,275,175,0.09559812188127749,0.0500421346721521,0.07483660130718954
85,75,125,0.09558307989639343,0.05014206872811864,0.08148148148148147
135,250,375,0.095561159608528,0.04706024610535456,0.07810457516339869
85,75,175,0.09548261295291058,0.047704337449706494,0.07995642701525055
85,75,350,0.09542771419373411,0.04353085651614488,0.07919389978213508
135,125,100,0.09537817396811707,0.05077031070346248,0.07440087145969498
10,50,350,0.09532020911271051,0.043691619370073355,0.07854030501089324
135,100,300,0.09515253437451326,0.04523606413858715,0.07636165577342047
10,50,175,0.09512499783534929,0.05361278875171505,0.07657952069716775
60,50,275,0.09496037101950586,0.04362168794080932,0.08137254901960785
110,100,125,0.09477393461274206,0.051412693473060884,0.07581699346405228
135,125,350,0.09475623745772024,0.04433100584362377,0.07745098039215685
135,100,250,0.09428452897900552,0.04663310791910649,0.07505446623093683
110,100,100,0.0942580678877608,0.05089522276325375,0.07483660130718954
85,275,350,0.0940394372650878,0.04431832242824913,0.07494553376906318
110,75,275,0.09396653834537519,0.04452398903174336,0.07745098039215685
135,250,125,0.09372642506113614,0.04840075054055899,0.07440087145969498
60,275,375,0.0935774215180935,0.04634147931357546,0.07418300653594771
135,250,150,0.09356002992134786,0.047700296734889396,0.0747276688453159
35,50,225,0.0935595198554941,0.04755949686227059,0.0798474945533769
85,75,325,0.09345809554621377,0.04248393170556486,0.07810457516339869
110,75,225,0.09344195968904881,0.04542935011375168,0.07701525054466231
35,50,250,0.09338616233268478,0.04685526663860397,0.0789760348583878
110,275,250,0.09334376774551677,0.04692169048687138,0.07374727668845316
85,75,100,0.09329109631431363,0.04897335322858093,0.07821350762527232
60,50,250,0.09327845343754575,0.042389622190716965,0.08006535947712418
135,150,375,0.09327786818736539,0.04657817530031862,0.07657952069716775
110,100,350,0.09312843518779894,0.0435380904574732,0.0738562091503268
135,250,100,0.09300797679089381,0.047915915515856125,0.07298474945533769
85,275,200,0.09297121439416574,0.04667421024547393,0.07167755991285403
110,100,175,0.09282659190624337,0.0483505902224449,0.07450980392156864
60,275,150,0.09262509233390409,0.05068022069132629,0.0733115468409586
10,50,325,0.0925438413781641,0.04307314760170443,0.07766884531590414
85,275,325,0.09238871354759319,0.044662756421134334,0.0738562091503268
85,275,75,0.0920653392208499,0.051733827214315395,0.07211328976034859
10,50,300,0.09156325216896853,0.04393633963829002,0.07690631808278867
35,275,150,0.09137340549991008,0.05139157150737228,0.07265795206971677
35,275,375,0.0913083833216892,0.047905743642601466,0.07200435729847494
110,75,250,0.09122516793672412,0.04442489209596954,0.0747276688453159
60,275,175,0.09119459719845881,0.05068032535951237,0.07265795206971677
135,125,325,0.09098398314967178,0.04318214565502016,0.07363834422657951
85,275,300,0.09096319149100594,0.04464614900792212,0.07276688453159041
60,275,125,0.09087095972536101,0.0500468541669651,0.07145969498910675
60,75,375,0.0907504687410078,0.041881744572201174,0.07527233115468408
135,125,175,0.0907504218127347,0.046653764252886,0.07276688453159041
135,250,350,0.0907146305227447,0.04360364270279875,0.07429193899782136
10,50,275,0.09066663015537167,0.0442279164981797,0.07614379084967321
85,275,225,0.09064856379534672,0.044422370550796654,0.07080610021786492
135,250,175,0.09047587596656362,0.04602781350356077,0.07135076252723312
85,75,300,0.09036632853266931,0.04196623588986731,0.07636165577342047
60,275,350,0.09015964246865356,0.044300732930786846,0.07200435729847494
110,100,75,0.09014559449759406,0.04964622819290052,0.0715686274509804
85,75,75,0.09000399965237128,0.04890075312570154,0.07450980392156864
110,250,375,0.0897917733773285,0.04400020599685505,0.07200435729847494
60,75,150,0.08973118723305065,0.044587179998992206,0.07559912854030501
60,275,325,0.08947971293305128,0.04490036067632572,0.07298474945533769
135,125,200,0.08938658482416435,0.04462432759305988,0.07265795206971677
35,75,150,0.08917881130878937,0.04705125119358795,0.07352941176470588
35,75,375,0.08916874704115858,0.04213858332565739,0.07265795206971677
110,125,375,0.08916000790133857,0.042518553710165725,0.07211328976034859
35,275,350,0.08903932492421947,0.04588233486702538,0.07058823529411765
85,275,50,0.08901392331595628,0.04938782626398537,0.06993464052287582
135,150,350,0.08875870217877642,0.04337560928545465,0.07298474945533769
110,100,200,0.0887122138963835,0.04464812263867713,0.06982570806100218
135,125,75,0.08870512730293416,0.04946299972625418,0.06949891067538126
135,225,375,0.08867929231813147,0.04317547760075519,0.07124183006535949
110,100,325,0.08865472050978143,0.04265363889441205,0.0715686274509804
85,275,275,0.08864033739138291,0.0435806756936373,0.0710239651416122
85,100,375,0.08851744135960463,0.04150357925841896,0.07124183006535949
60,275,300,0.08847997513316543,0.04569331687994272,0.07167755991285403
135,150,150,0.08843889796900137,0.0477735077987333,0.07080610021786492
135,250,75,0.08834605142028895,0.04644913859106713,0.07004357298474945
85,75,200,0.08833892065074879,0.04290526768849947,0.07429193899782136
135,175,375,0.08832362417070978,0.04457711124163795,0.07298474945533769
135,250,200,0.08830937204328511,0.04420086582443528,0.0701525054466231
135,250,325,0.0882284603464659,0.04239092745829849,0.0724400871459695
10,50,200,0.08807570897648541,0.04707071796942826,0.0724400871459695
60,275,100,0.08806752104764327,0.04874523713652496,0.0690631808278867
135,200,375,0.08796814104944842,0.04299139476569859,0.07145969498910675
110,250,350,0.08789098149626116,0.04180994932725589,0.0710239651416122
85,75,275,0.08783570436227707,0.04148941750008734,0.07342047930283226
60,75,325,0.08768613550687943,0.03937159694692353,0.0738562091503268
135,225,150,0.08764736083631602,0.04618213135291227,0.07091503267973856
60,275,200,0.08755730254020958,0.04773278422872613,0.07069716775599129
85,275,250,0.08723521087089833,0.0440369717845403,0.06938997821350763
60,75,350,0.08722962930266208,0.03897353509439327,0.07298474945533769
35,275,175,0.08709640372198026,0.04891878339950623,0.06949891067538126
85,100,150,0.08702758675874267,0.046226016831259216,0.07145969498910675
60,75,125,0.0869868366574542,0.04612664947484866,0.07483660130718954
110,100,225,0.08697998078129403,0.042477647982278134,0.06928104575163399
10,275,375,0.08692214493482749,0.04659882457853912,0.06840958605664488
35,275,325,0.08688213354286348,0.04449548215663326,0.06895424836601306
35,275,125,0.08682837403856847,0.0509212355975542,0.06840958605664488
135,250,225,0.08677719033072133,0.04381654082502812,0.06938997821350763
135,125,300,0.08673371108082815,0.041700735181512114,0.07167755991285403
135,225,125,0.0864918185488692,0.045755032905723615,0.06982570806100218
35,75,350,0.08642512473539142,0.041690330978571014,0.0715686274509804
60,75,300,0.08633527961078008,0.038163802261628604,0.07276688453159041
135,150,125,0.08622615342067322,0.04728823959979758,0.06808278867102396
110,100,300,0.08618650847266554,0.04053693774537018,0.0690631808278867
135,225,350,0.08606316232590301,0.04146804385768202,0.0701525054466231
35,275,100,0.08606254122870813,0.05149217400400553,0.06710239651416122
10,50,250,0.08605790810930117,0.0423243205260341,0.07233115468409587
110,125,150,0.08603957013063286,0.04451701376487594,0.06884531590413943
110,250,150,0.08599777286517662,0.04517587658933428,0.06840958605664488
85,100,350,0.08596255806162324,0.04047158493872051,0.06971677559912855
110,100,275,0.08594756747146885,0.04060246066720739,0.06840958605664488
110,125,350,0.08593234787808837,0.04119942878673773,0.07026143790849673
135,250,50,0.08580971310474558,0.04578528249917678,0.06917211328976035
10,50,225,0.08576531770441985,0.04458038252006736,0.07254901960784313
135,175,150,0.08552305225086519,0.04640629118214763,0.0696078431372549
60,75,175,0.0853966531983697,0.04007994848545066,0.07004357298474945
135,125,275,0.08530632022346123,0.04249848685758824,0.06938997821350763
60,275,275,0.08524383606134046,0.04408661794175464,0.06993464052287582
135,225,100,0.08519329996842752,0.044683783972896914,0.0673202614379085
85,75,225,0.08516496555373772,0.03979656010259614,0.07091503267973856
35,275,300,0.08512455465794912,0.045023131056932175,0.06884531590413943
110,225,375,0.0850356710098702,0.04198040324859761,0.0690631808278867
60,275,225,0.08500719287971117,0.044209953975334046,0.06808278867102396
35,275,75,0.08499534106871481,0.051996839066366936,0.0681917211328976
135,250,300,0.08493354962201856,0.04231433590538586,0.06982570806100218
110,250,125,0.08487847635292588,0.045910353209388466,0.06797385620915032
35,275,200,0.08487441139174273,0.04715068509232623,0.06764705882352941
85,75,50,0.0848202318683436,0.043494298222382335,0.07124183006535949
110,100,250,0.0846348949654704,0.040874948728737884,0.06601307189542484
135,250,250,0.08460539511821644,0.04188608552505114,0.06895424836601306
135,125,225,0.0845767177343209,0.04210663840440532,0.06830065359477125
35,75,300,0.08456650547140311,0.03992522467712245,0.07113289760348583
85,100,325,0.08455856568419806,0.04068025831106157,0.06851851851851852
110,250,325,0.08454117328201889,0.04039503692965632,0.06797385620915032
35,75,175,0.08452940734707731,0.04215493086254526,0.07026143790849673
60,275,75,0.0844425638005517,0.04892470222787714,0.06797385620915032
135,175,350,0.08444139424549785,0.042072640002732746,0.07058823529411765
135,200,350,0.08442597697266882,0.041486653611679906,0.06949891067538126
60,275,50,0.0842831676164558,0.04860769209842639,0.06786492374727668
135,200,150,0.08425870846251714,0.043716237179789605,0.06797385620915032
110,250,175,0.08425442239891708,0.04361292322831803,0.06677559912854031
10,75,375,0.08416652914956907,0.042422878696868616,0.06938997821350763
135,150,100,0.0841632831154553,0.04572808101581588,0.06535947712418301
135,250,275,0.08405079152572613,0.042308933165736286,0.06873638344226579
35,75,75,0.08402165230535814,0.04758978847381298,0.06840958605664488
135,225,175,0.08402156550448861,0.04388614361936534,0.06775599128540305
135,150,325,0.08396965946511083,0.04176351747171329,0.06851851851851852
35,75,100,0.0839601680985753,0.04801190246242834,0.06786492374727668
85,100,175,0.08385354765637744,0.04231701673423635,0.06830065359477125
85,75,250,0.08379092060209758,0.040041553423392266,0.07026143790849673
10,275,350,0.08368524774545165,0.045342477676713185,0.06623093681917211
35,75,325,0.08361140652136607,0.039554126203373764,0.07004357298474945
35,275,50,0.08352342923966742,0.051543797626827745,0.0664488017429194
35,75,125,0.08342115194420292,0.04588715403409698,0.06862745098039216
135,225,325,0.08341795125216457,0.04085509472440238,0.06884531590413943
135,125,250,0.08340248129293584,0.041431225721854766,0.06786492374727668
35,275,275,0.08335345864336043,0.04498396334312427,0.06840958605664488
60,75,275,0.0833375150944105,0.03800553587460877,0.06949891067538126
85,100,125,0.08331467918281119,0.04506307350995812,0.06884531590413943
110,250,100,0.08327956421703281,0.045579763578420356,0.06623093681917211
35,275,225,0.08327008864093054,0.044627405064850446,0.06557734204793028
35,75,50,0.08323107063820036,0.04628903640331878,0.06928104575163399
135,200,125,0.08321629919722807,0.04324495071218661,0.06623093681917211
35,75,275,0.08319316054158842,0.04002678235451664,0.06938997821350763
85,250,375,0.08317349392667746,0.03976074395438126,0.06677559912854031
110,150,375,0.08314500623531311,0.04132170639293682,0.06797385620915032
135,225,200,0.08290631932304242,0.04238111841305947,0.06775599128540305
10,275,150,0.08288222123542542,0.050832387316141994,0.0673202614379085
135,125,50,0.08285530344542194,0.04558646053812859,0.0659041394335512
110,225,350,0.08280660787652994,0.04040926552620679,0.06688453159041394
135,175,125,0.08280060898195109,0.04476276709894708,0.06557734204793028
110,125,325,0.08276934981212193,0.04025790018105429,0.06764705882352941
110,100,50,0.08267353373505322,0.045343010381208824,0.06535947712418301
135,200,100,0.08259608150069786,0.0458825078402493,0.06535947712418301
135,150,175,0.08258812613438225,0.04460355820992246,0.0664488017429194
110,250,300,0.08256030777265022,0.0402236320669681,0.06612200435729848
110,250,200,0.08244451237580294,0.04239326688433418,0.0644880174291939
60,100,375,0.08230742225004223,0.03887130412718164,0.06797385620915032
110,125,125,0.08227449182871756,0.045600409956399864,0.0659041394335512
110,125,175,0.08203591841787057,0.04234178191705105,0.06427015250544663
110,250,225,0.08162709911707475,0.04149011886082676,0.06459694989106754
60,275,250,0.08160412649135686,0.043363683565006,0.06525054466230937
135,225,75,0.08159074026952745,0.04464056888093475,0.06568627450980392
135,200,325,0.08139556173778247,0.04004474115312078,0.06677559912854031
135,225,300,0.0813042300173968,0.040574231538518454,0.06699346405228758
110,200,375,0.08127026069292301,0.04011128334676133,0.06579520697167755
135,175,325,0.08118921938583454,0.04062319624490617,0.06884531590413943
60,75,100,0.08110502414927338,0.042732830893219026,0.0696078431372549
85,125,375,0.08109874663015149,0.039021494629709934,0.0650326797385621
135,225,225,0.08109275692812355,0.04047763474242727,0.06546840958605665
85,250,350,0.0809600633014051,0.03951246197747897,0.06514161220043573
85,100,300,0.0809284096121349,0.038025424902322504,0.06568627450980392
85,125,350,0.08091952571791669,0.03886144342524898,0.06525054466230937
110,250,75,0.0808262722071599,0.04423790969353194,0.0636165577342048
110,150,350,0.0807290583132407,0.04105950045474943,0.06655773420479302
10,75,75,0.08072615155863468,0.04910309129843015,0.06568627450980392
110,250,275,0.08070000467288618,0.040472685679307875,0.0650326797385621
110,125,100,0.08065731654993633,0.044112936015226006,0.06263616557734204
135,200,175,0.0806492107623085,0.041899154654126705,0.06459694989106754
10,275,325,0.08062409824307898,0.04344298923578955,0.06394335511982571
135,175,100,0.0805377038842708,0.04415381866775563,0.06470588235294117
10,75,100,0.08051694138086155,0.04908178752065614,0.06633986928104575
35,100,375,0.08050778938968438,0.03919237972318855,0.06546840958605665
110,125,300,0.0803127506497882,0.0393979687110576,0.06601307189542484
135,175,175,0.08030948135837047,0.04371994965377821,0.06546840958605665
110,225,150,0.08017045046809183,0.04287382246609954,0.0644880174291939
135,150,300,0.08013703895191135,0.04112041892519865,0.06699346405228758
135,150,200,0.08009960048748278,0.0422621902701824,0.06437908496732027
85,125,325,0.08008428969886963,0.0371952725107007,0.06470588235294117
10,75,50,0.07999443818618149,0.04905448325755411,0.0650326797385621
60,75,200,0.07998178103897388,0.03786584828005662,0.06742919389978214
10,275,175,0.07994542982871476,0.04955689934442928,0.06492374727668845
10,275,125,0.07993446775366783,0.04901899632996674,0.06470588235294117
135,150,225,0.07972729353628785,0.04072124398107693,0.06437908496732027
60,100,350,0.07969034326184579,0.03772474755385849,0.06568627450980392
10,275,300,0.07965398894252489,0.04483413048769857,0.06328976034858388
60,75,50,0.07963364180591678,0.042326751819811756,0.06928104575163399
35,275,250,0.0796232216061166,0.043803180633084964,0.0644880174291939
60,100,325,0.07961946244631782,0.03713684416645302,0.06612200435729848
85,250,150,0.07953217063014967,0.04250988841567515,0.06405228758169934
35,75,200,0.07952291088637782,0.040579229379976066,0.06579520697167755
135,225,275,0.07944810380067911,0.04021224904961566,0.06568627450980392
110,150,150,0.07938887649512344,0.04198403433459901,0.06285403050108933
85,100,275,0.07933777783553482,0.038590867529423215,0.06470588235294117
35,75,225,0.07930695189010015,0.04059256662816204,0.06677559912854031
85,225,375,0.07925574149467186,0.03909050244359274,0.06296296296296296
85,100,100,0.07917565829478324,0.044242149093256605,0.06535947712418301
110,175,375,0.07916498861221168,0.03960401806477503,0.06546840958605665
60,75,75,0.07907852060741774,0.04237660801707494,0.06851851851851852
110,225,325,0.07905105300350003,0.038574962236571746,0.06339869281045751
60,250,375,0.07898522817862476,0.03909527358574695,0.06437908496732027
60,75,225,0.0789421304262973,0.03757433450964054,0.06742919389978214
85,250,325,0.07893896942550914,0.037841988397342784,0.06372549019607843
135,150,275,0.0789129892822314,0.03952653533335834,0.0650326797385621
60,75,250,0.07880655239612343,0.03700312070273505,0.06775599128540305
60,100,300,0.07867319943877131,0.037048397828742106,0.06525054466230937
85,100,200,0.07865911967797098,0.0386635647785766,0.06372549019607843
10,275,100,0.07864133718967595,0.05022796547042703,0.06383442265795207
60,100,150,0.07862414178815488,0.04034763227244636,0.06601307189542484
110,250,250,0.07861181292270057,0.040339880710644545,0.06328976034858388
135,175,200,0.07858240626410998,0.04081444414662018,0.06459694989106754
10,75,350,0.07849934999329096,0.0373646399537183,0.06557734204793028
10,275,75,0.07848326725928839,0.0531379730019818,0.06405228758169934
135,200,200,0.07844577494475695,0.03961135530273054,0.06241830065359477
110,125,275,0.0783852640163351,0.03840027990054759,0.06437908496732027
110,175,150,0.07837763111195536,0.041407714997633606,0.06350762527233116
85,100,225,0.07825256643935538,0.03866957315270534,0.06383442265795207
35,100,350,0.07823658380148665,0.039731613741981434,0.06525054466230937
110,125,200,0.0781637138046352,0.03939301635328985,0.06209150326797386
135,200,75,0.0781550122832614,0.042673563934654365,0.06241830065359477
110,175,350,0.0780980809063991,0.03920932527958761,0.06437908496732027
110,200,150,0.07807246394369854,0.04126534755286532,0.06274509803921569
35,75,250,0.07804871628608961,0.037852807502103486,0.06568627450980392
135,225,250,0.07796785586454465,0.039397630385259085,0.06339869281045751
135,175,300,0.07793261926672385,0.03882609199785377,0.06633986928104575
85,250,300,0.0777378991279409,0.03817088995253964,0.06263616557734204
110,225,125,0.07770461480050944,0.04240682284829563,0.06209150326797386
110,200,350,0.07769012488358713,0.038267590490052794,0.06318082788671024
135,150,75,0.07762555812406155,0.042796863839806354,0.061546840958605666
135,200,300,0.07747091576261286,0.037278738586245856,0.06339869281045751
110,225,300,0.07743629085795262,0.03757309360263842,0.06209150326797386
60,250,350,0.07738387332177803,0.03782180334364839,0.06318082788671024
135,175,225,0.07737964061299,0.03853237657199948,0.06405228758169934
10,275,275,0.07729480726817879,0.04436625773801637,0.062309368191721136
60,125,375,0.07728835103314151,0.03603875562792497,0.06405228758169934
110,250,50,0.07728287449052698,0.04282924856541921,0.06122004357298475
135,200,275,0.07727414207884852,0.038037254197006265,0.06263616557734204
110,225,175,0.07722463178804256,0.040655797078022304,0.06143790849673202
60,100,175,0.0770862527897139,0.0395288717278536,0.06416122004357298
110,225,200,0.07703726813750804,0.04004129340582507,0.061764705882352944
135,150,250,0.0770356110146669,0.03979718036606798,0.06350762527233116
110,150,325,0.07703219693489523,0.0378038582477627,0.06437908496732027
10,75,150,0.07702590382395949,0.04382217457692336,0.06405228758169934
110,125,225,0.07702012630801328,0.03840156709456278,0.0616557734204793
85,250,175,0.07696530187216402,0.039211255232150785,0.06143790849673202
85,250,125,0.0768677381659004,0.041853013928028815,0.06143790849673202
85,225,350,0.07686706391421286,0.03683887530211454,0.06241830065359477
135,225,50,0.07686540850662726,0.042649259152219114,0.06209150326797386
85,150,375,0.07679465115634286,0.03754655897017332,0.06416122004357298
135,175,275,0.07671064299725344,0.039363175394383214,0.06514161220043573
85,125,150,0.07668806073788245,0.038599680528677065,0.06143790849673202
110,150,175,0.0766479804479873,0.04020201604051041,0.061111111111111116
85,250,275,0.07631585151411906,0.039030966831534494,0.0616557734204793
110,225,225,0.07617117912639419,0.038301861316410814,0.060566448801742924
110,150,125,0.0760736344483416,0.04161560383750672,0.0593681917211329
135,200,225,0.07606649397351796,0.03783958424157412,0.06034858387799564
85,125,300,0.0760223290226694,0.035139511464304614,0.06132897603485839
35,250,375,0.07592629237708823,0.039156410301621404,0.06100217864923747
85,100,75,0.07584526593565304,0.042686841182778476,0.06241830065359477
110,125,75,0.07577378464649297,0.04188487916360077,0.058823529411764705
85,250,200,0.07576875388322082,0.038953629540427887,0.06089324618736383
110,225,275,0.07569235921927069,0.037305699625875,0.061546840958605666
110,200,325,0.07569055100008944,0.036219406381206444,0.061111111111111116
10,75,325,0.07565289962486074,0.03491165834069966,0.06470588235294117
85,225,325,0.07556369154624272,0.036195672660784065,0.061982570806100215
135,175,75,0.07554772596837037,0.04175078368808265,0.061111111111111116
35,100,300,0.07554730182445726,0.03693919389177458,0.06274509803921569
85,175,375,0.07553874978905119,0.03667220208103967,0.06405228758169934
60,125,350,0.07552876076504693,0.03471101781580544,0.0616557734204793
85,250,100,0.07545016278461168,0.04157034911235844,0.060784313725490195
85,150,350,0.07543863185268994,0.036600765167385245,0.06350762527233116
110,125,250,0.07540181374152029,0.03857834423921897,0.06143790849673202
10,75,300,0.07535543517126567,0.036681483449511866,0.06416122004357298
60,250,325,0.07524817354249272,0.03699646374661899,0.0616557734204793
110,175,175,0.07524516049289957,0.03978992471392937,0.06045751633986928
60,100,275,0.07522358404706302,0.0362993999323305,0.06296296296296296
110,175,325,0.07513030467102302,0.03616313467843309,0.06318082788671024
110,200,175,0.07510534670644237,0.03866767927203203,0.0593681917211329
10,275,200,0.07493393299570478,0.04539003297458543,0.06100217864923747
85,200,375,0.07491539033248935,0.03542459358492118,0.060239651416122
10,75,275,0.07483650795798436,0.03626394519886449,0.06394335511982571
35,100,325,0.07483422846944274,0.037100872032890427,0.06252723311546841
10,75,125,0.07482751801026621,0.044013436627086615,0.06285403050108933
35,250,350,0.07482579328548622,0.039191814900492235,0.061546840958605666
110,150,300,0.07478965352175004,0.037043668774779895,0.06209150326797386
85,250,225,0.074777364930869,0.03762161960642652,0.05980392156862745
110,225,100,0.07469456291971123,0.04103527003775231,0.05969498910675381
60,250,300,0.0746718504379718,0.03776088804780011,0.062309368191721136
60,125,325,0.07465044328096654,0.03410943099480617,0.06209150326797386
85,150,325,0.07457087375320724,0.035772755558530545,0.06263616557734204
60,100,125,0.0745361931110832,0.039570083752956786,0.06296296296296296
85,100,250,0.07447997829381096,0.036512145325412755,0.06002178649237473
85,225,300,0.07444931262719916,0.03645397619071199,0.06045751633986928
85,200,350,0.07441303247848909,0.03455441440565441,0.05980392156862745
85,125,175,0.07430627741206693,0.03685488694327333,0.05980392156862745
10,275,225,0.07424736649027594,0.04322891724729557,0.06002178649237473
10,275,50,0.07413207057667402,0.05032281086185455,0.061111111111111116
135,200,250,0.07411300587366434,0.036832323738848566,0.06045751633986928
35,125,375,0.07409721694034556,0.03706727379049181,0.06122004357298475
135,175,250,0.07406189182258609,0.03797235599848865,0.06252723311546841
110,175,125,0.07403701626837512,0.03984760440724079,0.05849673202614379
60,250,150,0.07397935248798136,0.0397860033063542,0.060239651416122
110,150,100,0.07384338002121635,0.041071378847506855,0.05708061002178649
60,225,375,0.07383758684767724,0.035469165484671855,0.060566448801742924
110,150,200,0.07369127481709266,0.0377761687513563,0.058387799564270156
85,225,150,0.07368146402404264,0.03872391203897389,0.059259259259259255
85,200,325,0.07367953840507466,0.035588173954840235,0.05980392156862745
110,200,300,0.07367633938420785,0.03568425999943762,0.05969498910675381
110,200,125,0.0736423800073602,0.03988371988048172,0.05915032679738562
85,125,125,0.07348181412575915,0.037367595001012575,0.0593681917211329
10,275,250,0.07335220702062294,0.04215493006778997,0.06013071895424837
85,150,150,0.07331952568831707,0.0377784828514815,0.058823529411764705
110,225,75,0.07329799750413177,0.04019172719446126,0.058387799564270156
35,100,150,0.0732863337307125,0.04030802045987707,0.06241830065359477
110,225,250,0.07326064983847211,0.03737110360728243,0.059259259259259255
110,200,100,0.07306320465963044,0.04024752697858544,0.05871459694989107
85,125,275,0.07300861287251217,0.03439732624945474,0.05915032679738562
135,150,50,0.07300075669552647,0.04075389783271515,0.05729847494553377
35,250,325,0.07293806416594874,0.03888121701079046,0.06034858387799564
110,150,275,0.07289012242058976,0.03683131735213361,0.06067538126361656
60,225,325,0.07288582779736583,0.03680736772017167,0.06067538126361656
110,175,300,0.07288370427628613,0.0358403137783888,0.06100217864923747
85,250,250,0.07287737755361329,0.03827361976019481,0.059259259259259255
60,100,200,0.07279585135844134,0.03608683149865812,0.059586056644880175
60,150,375,0.07277540297120798,0.03468523241268334,0.06045751633986928
85,225,275,0.07270873122422025,0.03651493680820488,0.059586056644880175
135,200,50,0.07269436802864405,0.03932243541475054,0.0579520697167756
10,75,175,0.07269399106945972,0.039895503604455936,0.060239651416122
35,100,275,0.07263112573481459,0.03626599680931394,0.06132897603485839
110,200,200,0.0725868915254779,0.03579031387840262,0.05784313725490196
60,225,350,0.07258448389445502,0.03508884274589039,0.060239651416122
60,250,175,0.07254743332959616,0.03850032134527097,0.05849673202614379
85,175,350,0.07248121874594717,0.03409138337175762,0.060239651416122
60,225,300,0.07237502054729107,0.03779702429637078,0.062309368191721136
110,200,275,0.0722772538111136,0.03499430724601565,0.05915032679738562
85,125,225,0.0722148381393674,0.03548033264799933,0.058061002178649235
35,125,350,0.07219228198218486,0.0374617669775618,0.06045751633986928
85,225,125,0.07202018334056941,0.03932852476746024,0.05904139433551198
110,175,100,0.07201919470523298,0.03885472669042086,0.05631808278867103
110,175,225,0.07194162155114947,0.035331678623117015,0.05827886710239651
60,125,300,0.07178679157890351,0.03446834344472427,0.06002178649237473
60,100,225,0.07176529247194248,0.035250602070748274,0.05893246187363835
135,175,50,0.07170680448011778,0.04007535828345185,0.058823529411764705
60,250,200,0.07170543103725893,0.037748894074778286,0.05871459694989107
35,225,375,0.07169410550212978,0.03658838153926571,0.058823529411764705
110,175,200,0.07169281047907371,0.03610815087795014,0.0579520697167756
85,125,200,0.07168032096651068,0.035389066086552484,0.05686274509803922
60,175,375,0.0714800662304244,0.03463986519201767,0.061546840958605666
60,250,275,0.07135072120036029,0.037026158396581944,0.0593681917211329
35,250,300,0.07134426522564959,0.03822792379334734,0.05915032679738562
85,225,175,0.07133764089747494,0.03811945493770178,0.05784313725490196
85,175,325,0.07129846448079764,0.034769967250448175,0.060566448801742924
85,250,75,0.07129842051673523,0.03957697794622426,0.057407407407407414
85,150,300,0.07128923168438711,0.034885496010428646,0.0593681917211329
110,200,225,0.07123160877109486,0.03558947547289038,0.05697167755991285
85,100,50,0.07118292801750839,0.039178802096246274,0.05980392156862745
85,200,300,0.07116765331927433,0.03488790700101485,0.05816993464052288
85,225,225,0.0711017006821119,0.035043682328074824,0.05686274509803922
60,200,375,0.07095634555171419,0.03382088730479667,0.05871459694989107
110,175,275,0.07093350190815596,0.03465059238064414,0.059586056644880175
60,250,225,0.07089813059689391,0.03736190154398482,0.05849673202614379
60,100,250,0.07078235040334478,0.03519090466664365,0.059586056644880175
85,200,150,0.07067258325566039,0.03713236303033676,0.05697167755991285
60,250,125,0.07063676753786184,0.03830410511850996,0.057407407407407414
110,150,225,0.07057811230524555,0.03577774801016783,0.05599128540305011
85,225,200,0.07044120415090119,0.03608380103049624,0.05664488017429194
35,225,350,0.07035669469158926,0.037265902334530865,0.05849673202614379
35,250,150,0.07026797497496672,0.03983055149866942,0.056100217864923745
60,150,350,0.07026435175345079,0.0347148116918905,0.05893246187363835
10,75,250,0.07011826849371307,0.034504334744729664,0.058061002178649235
10,100,375,0.0700787897109958,0.035094855510345524,0.0565359477124183
85,175,300,0.07001252483139637,0.035041084304289226,0.05904139433551198
60,200,350,0.06991906319069825,0.034490072440956115,0.05849673202614379
85,175,150,0.06986300817398795,0.0360936581526572,0.05675381263616558
110,150,250,0.06984712884551134,0.03652745381532257,0.05664488017429194
85,125,250,0.06983378135498818,0.03433840010412854,0.05686274509803922
60,125,275,0.06979076849179333,0.03359469199783343,0.059259259259259255
110,125,50,0.06974190799840012,0.038071877080438854,0.054466230936819175
60,200,325,0.06970114233270637,0.03607005322228032,0.05915032679738562
110,200,250,0.06969890049890129,0.035166616413868035,0.05708061002178649
35,250,275,0.06968680397521072,0.038163555590208925,0.0593681917211329
85,125,100,0.06961641348373711,0.03700063938162429,0.05631808278867103
60,150,325,0.06961193741518173,0.03335618322617023,0.058823529411764705
10,250,375,0.0695318181684874,0.03763742571534942,0.05718954248366013
35,225,325,0.0694480899207593,0.03622670291416442,0.0579520697167756
110,200,75,0.0694470842968082,0.03795748925328808,0.05501089324618736
110,225,50,0.06923649776425024,0.03865397296124723,0.055664488017429195
60,175,350,0.06909911449918497,0.03370913747847241,0.059259259259259255
35,150,375,0.06909434260254171,0.03560535726084087,0.05871459694989107
85,225,250,0.06908403570565051,0.034199428684629565,0.056100217864923745
85,150,175,0.06904211545212001,0.035947885835615645,0.0565359477124183
110,150,75,0.06893724821070282,0.038605945759200774,0.052723311546840956
35,125,325,0.0688100298026402,0.03406262054085989,0.05686274509803922
85,250,50,0.06877095303268502,0.039531902397986034,0.05555555555555555
60,125,150,0.06871367385084609,0.03461250691079347,0.0565359477124183
110,175,75,0.06857215332981678,0.037788289926801805,0.05392156862745098
35,100,175,0.06855926356588954,0.03768883019666439,0.057625272331154685
85,200,175,0.06853866358711352,0.03580440165912265,0.055119825708061
35,125,300,0.06851385180392495,0.03428451280112687,0.05675381263616558
60,175,325,0.06848270973761221,0.0343594562239232,0.060239651416122
85,200,275,0.06845861681512953,0.03426526787877013,0.05675381263616558
60,225,275,0.06845352542153055,0.03543292478691028,0.058387799564270156
10,75,225,0.06842536660137453,0.03560521865769201,0.05773420479302832
35,250,175,0.0684081681595859,0.03878682062343159,0.055664488017429195
60,100,100,0.06835854902753787,0.0392992111393013,0.05893246187363835
60,250,250,0.06832422888588,0.03617543557144197,0.05718954248366013
85,225,100,0.06830190721771086,0.03841631259586124,0.05577342047930284
35,100,100,0.06814978736143452,0.041664204676986,0.05697167755991285
85,150,125,0.0681282565519574,0.036077278011314697,0.05501089324618736
60,225,150,0.06806161982576749,0.03549427131318612,0.05599128540305011
60,150,300,0.06804168305497944,0.03288006313714248,0.05751633986928104
85,150,275,0.0679620689266178,0.034118032180217854,0.05675381263616558
35,200,375,0.06788407713090659,0.03559613020377675,0.05708061002178649
60,100,50,0.06781249341897007,0.0367634283418796,0.058387799564270156
85,200,125,0.06777066618827497,0.03561989108871416,0.05403050108932462
110,175,250,0.06772171951441439,0.03365219057466606,0.056100217864923745
35,225,300,0.06760671080585023,0.035219900018777874,0.05729847494553377
35,250,200,0.0675092422959777,0.03790201043946029,0.05403050108932462
85,200,200,0.06747571449811215,0.034916101266262954,0.055228758169934646
35,250,225,0.06735094056324471,0.03706759616348456,0.055337690631808274
10,75,200,0.06725864219007081,0.03632154836720619,0.05577342047930284
60,250,100,0.06724283049701961,0.03746745025224416,0.054901960784313725
60,225,175,0.06721546856467217,0.03469876527025357,0.055228758169934646
10,250,350,0.06708837932594032,0.03608303213578608,0.055664488017429195
35,100,50,0.06699704878760229,0.038466041160315295,0.05729847494553377
35,150,350,0.06695363488098376,0.03526911768992088,0.05697167755991285
35,100,225,0.06694717545112963,0.035317266695761934,0.054901960784313725
85,150,200,0.06689521005272056,0.03579930076467705,0.054901960784313725
85,150,225,0.06683408848515895,0.03389442125363271,0.05359477124183007
85,200,225,0.06683191957579206,0.03311930967688823,0.05337690631808279
85,175,275,0.06675223868864547,0.0336090729367826,0.057625272331154685
60,200,300,0.06666966052895953,0.03389107442647237,0.05642701525054466
85,225,75,0.06660996604555398,0.03795468975625301,0.05435729847494553
35,175,375,0.06659667324546642,0.034237636357151026,0.05773420479302832
35,100,125,0.0665162251999458,0.03925261510410123,0.058061002178649235
60,125,175,0.06645200626417266,0.0345442559943851,0.055337690631808274
85,175,200,0.06636279788181805,0.03393672182521295,0.05501089324618736
35,100,75,0.06635430719322741,0.039948275643094805,0.05675381263616558
85,175,175,0.06634601264471474,0.034560620175283996,0.05403050108932462
35,250,250,0.06630701116181385,0.03694446414101352,0.05577342047930284
85,175,125,0.06622815361536116,0.03486189805970997,0.05326797385620915
10,100,350,0.06620690046984179,0.03446653523360044,0.054901960784313725
35,100,200,0.06618380755093058,0.0350049147381815,0.05457516339869281
35,100,250,0.06614587967428454,0.034161421180355124,0.055119825708061
35,200,350,0.06606007864765202,0.03415146495337194,0.05544662309368192
35,125,275,0.0659242815086761,0.033841487228394584,0.05675381263616558
60,100,75,0.0658733894382039,0.03720959019367556,0.0565359477124183
35,150,325,0.06586248025839085,0.033185398292359954,0.05642701525054466
60,225,225,0.06586225032129847,0.033146348423914014,0.055337690631808274
60,175,300,0.06580593567554256,0.03235012843100045,0.05686274509803922
85,175,225,0.065697136731703,0.0323467152484402,0.055119825708061
35,225,275,0.06561516805701806,0.035284484180362195,0.056100217864923745
10,250,325,0.06555518713560204,0.03501181610701151,0.054466230936819175
35,175,350,0.06537677236569077,0.03381960967436405,0.05718954248366013
60,225,200,0.06533510323050555,0.033366180368796156,0.0537037037037037
60,150,275,0.06515563343506614,0.03199893303820489,0.05544662309368192
85,175,250,0.06498210462161369,0.03324177740109793,0.05577342047930284
35,250,125,0.06495136290969343,0.03730789099527523,0.05108932461873638
85,200,250,0.06494332080961486,0.033445338192621354,0.053159041394335506
110,175,50,0.06481498560485821,0.03595245926155904,0.05130718954248366
85,125,75,0.06480046804804926,0.034668087955945726,0.052178649237472764
35,200,325,0.06470059772781106,0.03328445190651481,0.05435729847494553
60,125,200,0.06467831175901796,0.03251990725611799,0.052941176470588235
85,150,250,0.06466878898134393,0.03330256433531334,0.05305010893246188
110,200,50,0.0646615789097353,0.03605654347070985,0.0514161220043573
10,100,325,0.06459210242467261,0.0319450348346914,0.05348583877995643
10,225,375,0.06457991263034979,0.0334180974726529,0.05381263616557734
60,150,150,0.06456224919498914,0.03382999887201401,0.05206971677559913
60,175,275,0.06437939788179095,0.03346226485654068,0.05620915032679739
60,125,125,0.0643332839365984,0.033462533587324345,0.052178649237472764
85,200,100,0.06428848776441981,0.03508298504983822,0.051742919389978215
10,250,300,0.06422149058981122,0.034711975200209876,0.05381263616557734
35,175,325,0.06421035934530274,0.03307144003662962,0.0565359477124183
10,100,50,0.06415815474273885,0.03921940256833326,0.05435729847494553
60,125,250,0.0640217563467321,0.030835435249368274,0.05424836601307189
60,225,250,0.06397651359732079,0.033328409742954625,0.05457516339869281
60,200,275,0.06391735990927476,0.03325825047265743,0.05479302832244008
35,150,300,0.06388124945029898,0.03288492754970909,0.054466230936819175
60,250,75,0.06382129928600117,0.0363766348981324,0.05206971677559913
85,225,50,0.06374893408738606,0.03559015707821692,0.05206971677559913
60,225,125,0.06370827352854344,0.03494267781541108,0.0528322440087146
10,100,300,0.06368403238254682,0.03283804675571476,0.05457516339869281
35,250,100,0.0636416136796015,0.038574348091405704,0.052505446623093685
10,125,375,0.06362023158522694,0.03236394309262075,0.05185185185185185
35,125,150,0.06343752679472998,0.03627782126397588,0.052505446623093685
10,100,275,0.06340327032791898,0.032728396449983564,0.05424836601307189
60,200,175,0.06327717573401305,0.03439565308234204,0.05348583877995643
110,150,50,0.06327260894805513,0.0346182478961565,0.04891067538126361
60,200,150,0.06323613279142444,0.03420166500156498,0.05348583877995643
60,150,175,0.06319847990917322,0.03464896490149998,0.05348583877995643
35,150,275,0.06303099349651019,0.03232266027816543,0.05392156862745098
60,125,225,0.06292681489165385,0.03026053609317188,0.05196078431372549
85,150,100,0.06286600037502695,0.03452236495290367,0.049999999999999996
60,175,150,0.06261193732884869,0.03367545223640631,0.052614379084967314
35,225,150,0.06250088715551567,0.036024359001007256,0.05185185185185185
85,175,100,0.06249351383426493,0.03254344034125022,0.04989106753812636
10,250,275,0.06241207452597623,0.034825354792166446,0.05403050108932462
35,225,225,0.06226900061415791,0.03388720431168105,0.052614379084967314
35,200,300,0.06195225284463307,0.030795136730969033,0.051742919389978215
10,225,350,0.061947599088713265,0.032362611630699735,0.052178649237472764
35,225,175,0.061907047855953766,0.0346917462248167,0.05130718954248366
35,250,75,0.06174179036148725,0.03899737257709592,0.05054466230936819
35,225,200,0.061680003839607644,0.033715394728735415,0.05196078431372549
35,225,250,0.06156887157746397,0.03305007627631459,0.05228758169934641
35,175,300,0.06143575817670018,0.031891431574016804,0.05413943355119826
10,100,100,0.06134454648640495,0.03697852776236805,0.05054466230936819
60,150,200,0.06129855865828816,0.032457946009812035,0.051525054466230936
60,200,225,0.06125798462245337,0.031059118820815624,0.05185185185185185
10,175,375,0.06114927223265581,0.03163633848591838,0.05206971677559913
85,125,50,0.061049691516022415,0.033331676911683435,0.04967320261437909
35,175,275,0.061034128996244094,0.03211710958947256,0.05348583877995643
85,200,75,0.060986202723652023,0.03378054976183445,0.049455337690631804
10,225,325,0.06079764589107645,0.032579182490034796,0.05130718954248366
35,125,175,0.060780823208161784,0.03393037746771483,0.049999999999999996
60,150,125,0.06067263889309021,0.03325978860313585,0.04803921568627451
10,100,150,0.060599597073167796,0.035038804026307505,0.05196078431372549
10,100,75,0.060563247183222015,0.037092692310156036,0.052941176470588235
35,200,275,0.06053273019779683,0.031104329659488065,0.05108932461873638
85,175,75,0.060489657561088685,0.03211613657654986,0.04814814814814815
10,125,350,0.06048197682121416,0.0303765738097507,0.05065359477124183
10,200,375,0.06048174837987073,0.030845467541637684,0.05043572984749455
60,250,50,0.06039981353815342,0.0348864893832354,0.04967320261437909
60,200,200,0.0603467637107577,0.03294581862457684,0.0514161220043573
60,150,225,0.0603462770545875,0.030286848832747373,0.049999999999999996
60,150,250,0.06028461625899994,0.02985260054565927,0.052178649237472764
35,125,250,0.06026909653439049,0.030899033675659122,0.051525054466230936
60,175,175,0.06022532718812126,0.03295188304780897,0.05130718954248366
35,125,225,0.06019170957124824,0.0314048407218622,0.04989106753812636
60,175,225,0.06009464791559222,0.03060255541009945,0.05228758169934641
85,200,50,0.059809264267540026,0.03432255747375364,0.0491285403050109
35,150,150,0.059770630289848824,0.03350631829322806,0.04967320261437909
10,125,325,0.059767566256448516,0.03014539032227275,0.05032679738562092
60,175,250,0.05960403008704789,0.029986562538600506,0.05185185185185185
10,250,175,0.059551232985181335,0.03629987207336117,0.05054466230936819
10,250,150,0.05948526132769557,0.03629307181658426,0.049782135076252725
10,150,375,0.0594249878676646,0.03051302454318165,0.04869281045751634
60,175,200,0.059227215626642425,0.03210061474956549,0.05108932461873638
35,125,200,0.05919763299615334,0.0327554050656966,0.05021786492374728
60,225,100,0.05918185291796663,0.0327821105025671,0.04967320261437909
60,125,100,0.059162123850099675,0.03140851870179689,0.048801742919389976
35,200,150,0.05906397841481848,0.03373072890785704,0.049455337690631804
60,200,250,0.05896993009065363,0.03014315602635054,0.05010893246187364
35,175,150,0.058895382052681605,0.03213267284945286,0.049564270152505446
85,150,75,0.05857264289730382,0.033795950341187965,0.045642701525054466
60,200,125,0.0585476080124748,0.03221401033192663,0.048583877995642705
35,250,50,0.05853412040437927,0.03703723652889286,0.048801742919389976
10,125,300,0.05822038385393503,0.030000221053958286,0.049564270152505446
10,150,350,0.05815439533752086,0.029978442778551967,0.04847494553376906
10,100,125,0.058119792419524446,0.034874457181139275,0.04847494553376906
35,150,175,0.05811511679288857,0.031527259979158215,0.048583877995642705
85,175,50,0.05801356700209841,0.03229361510257746,0.04771241830065359
10,225,300,0.05798842497389294,0.030600603309661228,0.05010893246187364
10,250,250,0.057955268703162796,0.03256490896329904,0.05032679738562092
60,175,125,0.05784554896538819,0.03151742771858589,0.04738562091503268
10,125,275,0.057776572526090114,0.030187743951568157,0.04814814814814815
10,200,350,0.057619776526839785,0.029284763933606253,0.04891067538126361
10,250,225,0.05756960239534042,0.03414739292987013,0.049782135076252725
10,175,350,0.05748896973341764,0.030979613787936698,0.05054466230936819
35,125,125,0.05742250472149429,0.033170806103745926,0.04923747276688453
10,225,275,0.057327902900937464,0.032657300719021946,0.04989106753812636
10,250,200,0.05727717841446775,0.034021472124786366,0.04934640522875817
35,225,125,0.05725956795254329,0.03272091734061757,0.0471677559912854
35,150,250,0.05721381468002187,0.029386003416810292,0.049019607843137254
85,150,50,0.057201540821987085,0.03275315280596672,0.04531590413943355
60,225,75,0.05718984417367816,0.03202877011161009,0.04694989106753813
60,125,50,0.057027729855905616,0.03209571234606196,0.048583877995642705
35,200,250,0.05701982593085916,0.02879131645284816,0.04803921568627451
10,100,175,0.05700953374286311,0.03189948071320193,0.048583877995642705
60,225,50,0.0568658590112438,0.03331686098074799,0.048801742919389976
35,200,225,0.05675898786913146,0.030525895577836804,0.04771241830065359
10,200,325,0.05670740928853424,0.030061478207590447,0.049019607843137254
60,125,75,0.056686830426769426,0.03246746893929116,0.04738562091503268
35,200,175,0.05640995834759773,0.03220911829238286,0.04793028322440087
35,175,250,0.05639183904239686,0.029749275963566264,0.04923747276688453
35,125,75,0.05634532195674405,0.03408938215681631,0.048366013071895426
35,175,225,0.05628707697251756,0.029990280890451897,0.049019607843137254
35,225,100,0.056258434457091354,0.03383725267882315,0.04749455337690632
10,175,325,0.05622390591505965,0.02931283223739466,0.04934640522875817
35,175,175,0.056222165719671355,0.03148629387830878,0.04803921568627451
60,200,100,0.05607368915848537,0.031033655356361038,0.045860566448801744
35,125,100,0.055965026515452376,0.033221115786030146,0.048366013071895426
10,150,325,0.05595112485243962,0.028820655753102272,0.046296296296296294
35,150,225,0.05590299248863496,0.028894617306377674,0.04694989106753813
10,175,300,0.05559232263573197,0.030077271133789416,0.04934640522875817
10,100,225,0.055514556272424104,0.03274250661194139,0.04793028322440087
35,200,200,0.055429794734778236,0.030646576250830917,0.046840958605664486
10,100,250,0.055408737566553214,0.030777768764521343,0.04738562091503268
10,250,125,0.05512981811090966,0.03524591114522136,0.0471677559912854
10,150,300,0.055119301050206834,0.02906080256467279,0.046405228758169936
10,175,275,0.0549869559984893,0.028695473584331384,0.048801742919389976
35,125,50,0.054875358280953176,0.03063575545948812,0.04694989106753813
35,175,200,0.0548070003382238,0.030290545985283683,0.046840958605664486
35,150,200,0.0547284356057351,0.0298025507264761,0.04618736383442266
60,150,100,0.05460952190733685,0.030577402733522687,0.044880174291939
10,200,300,0.054341310528574126,0.02802543289857085,0.046840958605664486
10,200,275,0.05432042493724355,0.029212329525601793,0.04803921568627451
10,150,275,0.054307462785614956,0.02716641167680852,0.0457516339869281
35,225,75,0.05418282531141103,0.033356062835911485,0.0457516339869281
35,200,125,0.05407504533964153,0.03100029807216603,0.04433551198257081
10,250,100,0.053780899002080725,0.03424158372690252,0.046078431372549015
60,175,100,0.053267608443606534,0.02957410886328179,0.043681917211328976
10,225,250,0.053154958676697,0.029864057720041897,0.046840958605664486
60,200,50,0.05296919488179372,0.029531022655489552,0.04531590413943355
60,200,75,0.05240898866612269,0.028647766502824537,0.04433551198257081
60,150,50,0.05221726599389661,0.028451845941345526,0.044880174291939
10,125,50,0.052175739298827274,0.03236240283024665,0.045098039215686274
35,175,100,0.05213162880386486,0.03027360691557045,0.04531590413943355
10,100,200,0.052097920476377485,0.030408383104048954,0.04477124183006536
60,150,75,0.051955811665683894,0.02777696383325884,0.041938997821350764
35,225,50,0.05190116985856388,0.03205391023177636,0.043246187363834426
35,200,100,0.051687444871210415,0.03043460023559685,0.043355119825708055
35,175,125,0.05166403367065663,0.028662076236104488,0.04389978213507625
35,175,75,0.05151848900885888,0.030388947311844956,0.04389978213507625
35,150,125,0.051069911825900385,0.0286954464099426,0.04259259259259259
10,225,225,0.0510303758588394,0.029392360038494342,0.04389978213507625
60,175,50,0.0509183633926463,0.028420677167389725,0.043137254901960784
60,175,75,0.05085138087429788,0.027926494505281514,0.042483660130718956
10,250,75,0.050568021608755495,0.03404353565387766,0.043355119825708055
35,200,75,0.05056345437225003,0.02899863686994257,0.04215686274509804
10,225,150,0.050553057752835244,0.030257887016995205,0.043681917211328976
10,225,200,0.05044495274866666,0.029420111073539087,0.04422657952069717
35,175,50,0.050328394245698654,0.02836528410960822,0.043355119825708055
35,200,50,0.050320057661464315,0.02956865512002252,0.041721132897603486
10,150,250,0.0500396733447998,0.023864394882249215,0.040522875816993466
10,125,250,0.04992139480540412,0.02522709716489298,0.04226579520697168
10,125,225,0.0497828111277351,0.02816834856840136,0.04302832244008715
10,225,175,0.04976926343722493,0.02883461999981904,0.043137254901960784
35,150,75,0.049706908151798845,0.02944504944516494,0.04183006535947712
10,125,150,0.04927473531062567,0.02888874415390778,0.041721132897603486
10,200,250,0.049140231075102736,0.025010125439676387,0.042701525054466234
10,175,225,0.0490216970757642,0.026543639671866008,0.04226579520697168
35,150,50,0.04887824331533526,0.028201084166196825,0.04183006535947712
10,175,250,0.04885611657947235,0.026074710755243327,0.04215686274509804
35,150,100,0.048077138365270014,0.028099054874202906,0.040522875816993466
10,150,225,0.0480117709974744,0.025387768320348763,0.04008714596949891
10,250,50,0.04796571534846709,0.0323802084939484,0.04161220043572985
10,125,75,0.04785175265541529,0.02900654928600721,0.040196078431372545
10,225,125,0.047785934371808836,0.02976183737311915,0.04074074074074074
10,200,225,0.04763501378343098,0.02499212995172379,0.04095860566448802
10,125,100,0.04656032970589074,0.02924945159949288,0.04041394335511983
10,175,200,0.04651680500836823,0.027918444609934312,0.04084967320261438
10,200,150,0.04637166339133213,0.0267416403175708,0.039324618736383446
10,200,200,0.04635160588383574,0.026367992590078423,0.040522875816993466
10,125,175,0.04623676808014702,0.027839456543019243,0.039760348583877995
10,175,150,0.04600822504853029,0.027443743511723125,0.04008714596949891
10,150,175,0.045889302653580565,0.026645726606536586,0.03812636165577342
10,175,175,0.045843458951037135,0.02732165196744301,0.04030501089324619
10,150,200,0.04568555253706074,0.026839804528243773,0.038779956427015254
10,200,175,0.045557270329547456,0.026150221335853468,0.039760348583877995
10,125,200,0.04511471721555777,0.02786593419103166,0.03954248366013072
10,150,150,0.04494346018498266,0.0270652264674535,0.03736383442265795
10,150,50,0.0444481519275418,0.02882113991371885,0.03986928104575164
10,125,125,0.0440490114570097,0.026754261267720264,0.03714596949891068
10,225,100,0.0440325148433345,0.02564653357954167,0.03747276688453159
10,175,50,0.043301203244084284,0.026631642867590868,0.03790849673202614
10,150,75,0.04292622039505785,0.026219444182079523,0.037037037037037035
10,175,75,0.04273825746664859,0.02585875080498324,0.03681917211328976
10,175,100,0.04255061473113199,0.02625936819134802,0.036601307189542485
10,200,125,0.04216213464230174,0.02436990429477938,0.03540305010893246
10,150,100,0.04177733250905662,0.0265769216101875,0.03649237472766884
10,175,125,0.04134726068720144,0.025330076739161024,0.03442265795206972
10,225,75,0.041278840637992406,0.02585408676765732,0.03572984749455337
10,225,50,0.03999805204749836,0.02554081220103674,0.03420479302832244
10,150,125,0.039675794589724124,0.023973042448792965,0.033877995642701525
10,200,50,0.03958859019832235,0.023887601977749143,0.03376906318082789
10,200,75,0.039136140385916486,0.023053278997229355,0.03355119825708061
10,200,100,0.039044293729959954,0.02287186781279529,0.033877995642701525
